STT,Country,Continents,"Rate of users
Internet (%)",Mobile device usage (%),Revenue of e-commerce platforms (billion USD),Revenue of IT industry (billion USD),Funding in digital infrastructure (billion USD),Foreign investment capital (billion USD),CREDIT and BANKING digital transformation ratio(%),Number of Enterprises Applying Digital Transformation (bussiness),Economic Growth Rate of Education (% GDP),Number of technology start up businesses,Year
691,Algeria,Africa  ,32,99.5,1,1.05,0.5,1.38,22.9,"40,000",4.5,1300,2019
692,Angola,Africa  ,32,48.5,0.5,0.48,0.2,-4.1,54.2,"35,000",3.9,350,2019
693,Benin,Africa  ,25,83.5,0.3,0.12,0.2,0.22,17.6,"25,000",4,160,2019
694,Botswana,Africa  ,39,90,0.45,0.32,0.18,0.09,35.9,"40,000",6.5,450,2019
695,Burkina Faso,Africa  ,12,87,0.25,0.15,0.15,0.16,28.3,"20,000",4.5,120,2019
696,Burundi,Africa  ,12.5,76,0.2,0.11,0.15,0,20.3,"9,000",4,100,2019
697,Cabo Verde (Cape Verde),Africa  ,43,94,0.2,0.12,0.15,0.12,51.2,"20,000",4.5,135,2019
698,Cameroon,Africa  ,42,91.5,0.9,0.4,18,1.02,14.1,"40,000",4.5,275,2019
699,Central African Republic,Africa  ,8,60.5,0.2,0.11,0.15,0.03,11.5,"9,000",4,45,2019
700,Chad,Africa  ,10,66,0.18,0.13,0.18,0.57,9.9,"20,000",4,55,2019
701,Comoros,Africa  ,12,66.5,0.15,0.1,0.15,0,15.3,"8,000",4,40,2019
702,"Congo, Democratic Republic of the (DR Congo)",Africa  ,16.5,62,0.5,0.42,0.25,1.35,6,"90,000",3.8,105,2019
703,"Congo, Republic of the (Republic of the Congo)",Africa  ,24,75,0.3,0.26,0.22,-1.43,12.6,"20,000",4,105,2019
704,Djibouti,Africa  ,28,83.5,0.2,0.13,0.18,0.17,22.4,"9,000",5.1,45,2019
705,Egypt,Africa  ,59,94,4.5,3.6,0.6,9.01,22.8,"160,000",3.5,"1,250",2019
706,Equatorial Guinea,Africa  ,13,67,0.18,0.15,0.15,0.45,15.2,"8,000",4,40,2019
707,Eritrea,Africa  ,4,40,0.18,0.11,0.15,-0.06,0,"9,000",5.5,25,2019
708,Eswatini (Swaziland),Africa  ,44.5,87,0.25,0.15,0.15,0.13,20.7,"20,000",4.5,60,2019
709,Ethiopia,Africa  ,24,72,1.8,0.3,0.15,2.55,0,"100,000",4.5,210,2019
710,Gabon,Africa  ,50,78.5,0.3,0.15,0.15,1.55,13.3,"25,000",4.5,55,2019
711,Gambia,Africa  ,70,70,0.2,0.12,0.15,0.19,7.7,"8,000",4.3,50,2019
712,Ghana,Africa  ,54,86,2.2,1,0.6,3.88,13,"120,000",5.5,420,2019
713,Guinea,Africa  ,18,58,0.3,0.14,0,0.04,9.9,"18,000",3.5,40,2019
714,Guinea-Bissau,Africa  ,10,50,0.15,0.12,0,0.07,13.8,"8,000",3.3,22,2019
715,Ivory Coast (Côte d'Ivoire),Africa  ,50,87,2,0.9,0.8,1.4,19,"120,000",4.2,360,2019
716,Kenya,Africa  ,70,89,2.4,2.5,0.35,0.49,30.8,"120,000",6,540,2019
717,Lesotho,Africa  ,32,81,0.2,0.12,0.08,0.035,88.7,"9,000",9,40,2019
718,Liberia,Africa  ,25,66,0.15,0.11,0.06,0.086,14.1,"9,000",6,35,2019
719,Libya,Africa  ,60,76,1.8,0.15,0.25,0,14,"120,000",4.5,210,2019
720,Madagascar,Africa  ,25,71,1,0.12,0.8,0.47,14,"50,000",3.5,60,2019
721,Malawi,Africa  ,34,76,0.5,0.11,0.06,0.06,7.1,"25,000",6.4,45,2019
722,Mali,Africa  ,12,57,0.5,0.12,0.05,0.86,24.4,"25,000",5,35,2019
723,Mauritania,Africa  ,14,58,0.3,0.15,0.04,-0.88,22.6,"9,000",5,40,2019
724,Mauritius,Africa  ,80,98,0.5,0.5,0.16,0.44,78.1,"50,000",4.6,290,2019
725,Morocco,Africa  ,75,94,2,2,0.35,1.72,58.8,"160,000",6.1,500,2019
726,Mozambique,Africa  ,30,72,1,0.4,0.25,3.38,20.9,"50,000",5.7,50,2019
727,Namibia,Africa  ,62,91,0.5,0.3,0.08,0.18,56.9,"30,000",8,100,2019
728,Niger,Africa  ,12,57,0.2,0.15,0.05,0.72,11.2,"20,000",5.2,30,2019
729,Nigeria,Africa  ,58,92,5,4,0.8,2.31,10.4,"450,000",5.6,700,2019
730,Rwanda,Africa  ,38,78,0.3,0.3,0.25,0.36,21.3,"80,000",5.9,60,2019
731,Sao Tome and Principe,Africa  ,16,60,0.15,0.05,0,0.02,21.3,"8,000",6.9,30,2019
732,Senegal,Africa  ,55,92,1,0.8,0.35,1.07,29.5,"100,000",5.8,110,2019
733,Seychelles,Africa  ,90,92,0.2,0.15,0.008,0.26,31.4,"15,000",7,55,2019
734,Sierra Leone,Africa  ,20,70,0.3,0.12,0.05,0.34,0,"15,000",4.8,40,2019
735,Somalia,Africa  ,10,55,0.2,0.11,0.25,0.45,0,"15,000",3.5,30,2019
736,South Africa,Africa  ,55,94,5,10,0.8,5.12,60,"100,000",7,"1,000",2019
737,South Sudan,Africa  ,6,50,0.18,0.11,0.08,0,1.7,"10,000",4,20,2019
738,Sudan,Africa  ,32,65,0.5,0.6,0.25,0.83,9.2,"25,000",6.5,50,2019
739,Tanzania,Africa  ,45,66,1.8,0.8,0.25,1.22,12.5,"120,000",5.5,75,2019
740,Togo,Africa  ,24,55,0.3,0.15,0.08,0.35,27.5,"10,000",3.7,40,2019
741,Tunisia,Africa  ,62,77,1.8,1.5,0.35,0.82,59.3,"100,000",7,130,2019
742,Uganda,Africa  ,30,57,0.5,1.2,0.25,1.03,12.7,"80,000",5,100,2019
743,Zambia,Africa  ,40,67,0.9,1.1,0.08,0.55,12.5,"50,000",4.5,60,2019
744,Zimbabwe,Africa  ,45,72,1,1.1,0.08,0.25,5.2,"60,000",4,55,2019
745,Canada,America,92,99,55,13,13.5,48.94,0,"800,000",7.3,"10,000",2019
746,The United States,America,92,98.5,490,500,100,315,52.3,"800,000",7.5,"600,000",2019
747,Mexico,America,56,83,22,20,10,29.95,27.7,"120,000",5.5,"40,000",2019
748,Belize,America,60,97,0.18,0.15,0.15,0.093,45.6,"6,000",5,"1,000",2019
749,Costa Rica,America,66,76,3,1.35,1,2.72,55.2,"60,000",7,"2,000",2019
750,El Salvador,America,56,68,1.3,0.42,0.3,0.7,52.3,"25,000",4.8,"1,000",2019
751,Guatemala,America,55,65,2,0.3,0.4,1,33.5,"25,000",5.2,900,2019
752,Honduras,America,48,61,0.3,0.3,0.42,0.96,63.1,0,4.6,800,2019
753,Nicaragua,America,46,60,0.2,0.15,0.23,0.05,29.9,0,4.9,700,2019
754,Panama,America,67,80,1.3,0.54,1,4.19,75.3,"120,000",4.5,"1,100",2019
755,Antigua and Barbuda,America,96,98,0.15,0.15,0.15,0.133,42,"8,000",4.2,300,2019
756,Bahamas,America,91,99.7,0.18,0.3,0.34,0.482,47.1,"30,000",4.1,900,2019
757,Barbados,America,91,94,0.2,0.42,0.42,0.215,77.2,"60,000",4,800,2019
758,Cuba,America,43,50,0.5,0.5,0.4,0,2,"12,000",7,300,2019
759,Dominica,America,64,70,0.15,0.15,0.15,0.06,40.4,"5,000",4.4,150,2019
760,Dominican Republic,America,80,97,2,1,0.5,2.83,26.9,"70,000",5.5,"1,000",2019
761,Grenada,America,66,72,0.15,0.15,0.16,0.21,49.5,0,5,150,2019
762,Haiti,America,42,56,0.15,0.15,0.3,0.03,10,"20,000",3.5,130,2019
763,Jamaica,America,72,98.5,0.5,0.4,0.5,0.67,48.2,0,6,800,2019
764,Saint Kitts and Nevis,America,80,97,0.15,0.12,0.012,0.06,48.5,"5,000",4.5,150,2019
765,Saint Lucia,America,73,97,0.18,0.13,0.035,0.08,54,"8,000",5,160,2019
766,Saint Vincent and Grenadines,America,70,79,0.15,0.11,0.028,0.07,43.6,"6,000",5.2,140,2019
767,Trinidad and Tobago,America,76,91,0.5,1,0.18,0.18,40.8,"200,000",5,900,2019
768,Argentina,America,80,97,7,2,2,6.65,12.8,"200,000",5.5,"10,000",2019
769,Bolivia,America,56,70,1,0.5,0.52,-0.216,65.8,"40,000",4.8,450,2019
770,Brazil,America,96,99,23,10,10,38.14,62.8,"250,000",6,"40,000",2019
771,Chile,America,97,97,8,4,2,13.58,87.4,"250,000",5.3,"18,000",2019
772,Colombia,America,93,98,6,2.5,1.3,13.99,51.5,"250,000",5,"20,000",2019
773,Ecuador,America,78,81,2,1.2,0.6,0.98,40.1,"75,000",4.8,"5,000",2019
774,Guyana,America,56,67,0.18,0.15,0.15,1.29,28.1,0,4.5,150,2019
775,Paraguay,America,66,83,0.5,0.36,0.4,0.41,47.7,"40,000",4.6,180,2019
776,Peru,America,69.5,94,2.2,2,2,4.76,44.7,"40,000",4.7,"10,000",2019
777,Suriname,America,61,88,0.18,0.15,0.022,0.08,23,"8,000",4.3,130,2019
778,Uruguay,America,97,97,2,1.3,0.55,1.47,25.3,"200,000",4.4,"1,500",2019
779,Venezuela,America,94,94,2,2.5,0.28,-1.28,0,"200,000",5.5,700,2019
780,China,Asia  ,71,94.2,300,220,60,187.18,75,180000,3.6,780000,2019
781,Japan,Asia  ,93,95.5,80,200,20,65.5,108.9,70000,4.5,102000,2019
782,South Korea,Asia  ,94,98.4,26,200,5,9.63,75.65,50000,3.8,102000,2019
783,India,Asia  ,45,76,14,181,18,67,50.7,85000,4.2,25000,2019
784,Qatar,Asia  ,100,95,0.5,2.5,2.5,-2.19,90,2000,3.8,400,2019
785,Saudi Arabia,Asia  ,96,90,10,32,2.4,3.08,0,9000,3.5,1000,2019
786,Iran,Asia  ,47,88,0.6,7,11,1.51,0,3700,4,3000,2019
787,Iraq,Asia  ,30,70,0.5,0.5,0.4,4,8.8,1800,3,500,2019
788,Nepal,Asia  ,35,80,0.4,1.1,1.2,0.19,78.8,900,3.5,400,2019
789,Syria,Asia  ,40,80,0.25,0.25,1.2,0,0,900,3.5,300,2019
790,Jordan,Asia  ,66,80,0.5,1.5,1.5,0.73,76.8,3000,5,400,2019
791,Israel,Asia  ,87,94,8,0,0,17.36,64.2,9000,8.5,7800,2019
792,Palestine,Asia  ,48,70,0.15,1.1,0.25,1.1,0,1100,5,150,2019
793,Türkiye,Asia  ,74,75,22,20,5,9.51,82.7,14500,5.5,1500,2019
794,Sri Lanka,Asia  ,51,70,0.4,2.5,1.2,0.735,47.2,1100,3.6,400,2019
795,Uzbekistan,Asia  ,70,60,0.4,1.2,1.2,2.23,0,1400,4,300,2019
796,Bahrain,Asia  ,100,93,0.5,1.4,0.6,0.94,0,1100,4,800,2019
797,Oman,Asia  ,90,79,0.4,2,3,6.5,65.1,1100,3.8,320,2019
798,The UK,Europe ,95,92,55,70,20,-41.29,0,120000,7.5,210000,2019
799,France,Europe ,83,99,80,58,10,1850,104.2,100000,7.2,72000,2019
800,Spain,Europe ,91,98,50,29,4,22.88,94.1,70000,6.5,61000,2019
801,Albania,Europe ,69,97,0.25,0.15,0.3,-1.16,0,8000,4.8,3000,2019
802,Austria,Europe ,88,82,7,6.8,4,-12.39,85.7,70000,6.8,7200,2019
803,Belarus,Europe ,83,88,0.6,0.28,1,1.27,24.2,8000,5.5,14800,2019
804,Belgium,Europe ,91.5,87,12,14.5,7,-21.38,67.9,55000,6.6,14000,2019
805,Bulgaria,Europe ,72,80,0.9,1,0.4,2.22,49.5,10000,4.5,4500,2019
806,Croatia,Europe ,76,78,0.6,1.45,0.44,0.94,52.6,8000,5.2,7200,2019
807,Czech Republic,Europe ,89.9,82.5,10,2.9,2,10.75,50.3,15000,5,10600,2019
808,Denmark,Europe ,98.5,90,12,5,4,-3.8,161.4,32000,8,17500,2019
809,Estonia,Europe ,94.5,80,2,0.95,0.4,3.07,59.3,4500,7.2,5000,2019
810,Germany,Europe ,95,99.8,90,98,20,73.97,78.9,115000,5.8,42000,2019
811,Greece,Europe ,75,98,5.5,1.9,1,5,80.8,8000,5.5,5800,2019
812,Hungary,Europe ,93,96,4.5,3.8,2,98.46,33.3,9000,6.1,10000,2019
813,Italy,Europe ,74,98.5,30,29,9,35.76,72.7,55000,5.7,35000,2019
814,Luxembourg,Europe ,94,99.8,2.8,0.95,0.4,163.72,109,3500,5.4,2000,2019
815,Netherlands,Europe ,97.5,99.8,18,14.5,5,-18.22,100.7,55000,5.2,15000,2019
816,Bac Macedonia,Europe ,61,55,0.22,6.8,0.16,0.549,16,2000,4.2,1000,2019
817,Russia,Europe ,82.6,80,33.2,24.5,1.02,31.97,26,4500,3.8,3300,2019
818,Singapore,Southeast Asia,89,99,4,30,2.5,105.89,79.46666667,9000,4,8200,2019
819,VietNam,Southeast Asia,69,96,6,112.53,7,28.04,30,"2,200",4.8,5200,2019
820,Laos,Southeast Asia,35.4,55,5.5,0.09,0.03,0.76,20,"7,000",4.8,600,2019
821,Thailand,Southeast Asia,69.5,75,390,2.6,0.3,5.52,40,"3,000",4.7,2400,2019
822,Cambodia,Southeast Asia,49.4,60,17,0.09,0.04,2.8,66,"6,000",3,600,2019
823,Myanmar,Southeast Asia,38,70,16,0.3,0.04,1.74,45,"18,000",4.8,600,2019
824,Malaysia,Southeast Asia,84.2,88.5,520,3.9,0.4,9.15,35,"25,000",5,3000,2019
825,Indonesia,Southeast Asia,48,70,540,3.9,0.35,24.99,32,"30,000",4.2,2600,2019
826,Philippines,Southeast Asia,67,87,4.1,2,0.3,8.67,25,"15,000",3.8,2400,2019
827,Brunei,Southeast Asia,93.5,85,0.07,0.07,0.07,0.37,25,"6,000",2.7,120,2019
828,Timor-Leste,Southeast Asia,23,65,0.006,0.022,0.02,-0.24,25,"1,000",5,50,2019
829,Algeria,Africa  ,35,99.7,1.2,1.1,0.6,1.14,26.1,"50,000",4.5,1300,2020
830,Angola,Africa  ,35,73,0.55,0.5,0.5,-1.87,14,"40,000",3.9,400,2020
831,Benin,Africa  ,28,89,0.35,0.13,0.3,0.17,15.5,"30,000",4.1,180,2020
832,Botswana,Africa  ,43,92,0.5,0.36,0.22,0.03,39.6,"45,000",6.6,500,2020
833,Burkina Faso,Africa  ,14.5,89.5,0.3,0.16,0.18,-0.1,28.6,"25,000",4.6,140,2020
834,Burundi,Africa  ,15,79,0.22,0.12,0.18,0.01,23.2,"10,000",4.1,120,2020
835,Cabo Verde (Cape Verde),Africa  ,47,95,0.22,0.14,0.18,0.07,67.9,"25,000",4.6,150,2020
836,Cameroon,Africa  ,46,93.5,1,0.42,0.22,0.68,0,"50,000",4.6,300,2020
837,Central African Republic,Africa  ,9,63.5,0.22,0.12,0.18,0,11.4,"10,000",4.1,50,2020
838,Chad,Africa  ,11.5,68.5,0.2,0.14,0.22,0.56,10,"25,000",4.1,60,2020
839,Comoros,Africa  ,14,69,0.18,0.12,0.18,0,14.7,"9,000",4.1,45,2020
840,"Congo, Democratic Republic of the (DR Congo)",Africa  ,19,66,0.55,0.44,0.3,1.5,7.4,"100,000",3.9,120,2020
841,"Congo, Republic of the (Republic of the Congo)",Africa  ,26,77.5,0.35,0.28,0.27,-1.98,15.5,"25,000",4.1,120,2020
842,Djibouti,Africa  ,31,86,0.22,0.15,0.22,0.16,20.9,"10,000",5.2,50,2020
843,Egypt,Africa  ,64,95.5,5,3.8,0.7,5.85,25.8,"180,000",3.6,1400,2020
844,Equatorial Guinea,Africa  ,15,70,0.2,0.16,0.18,0.41,12.8,"9,000",4.1,45,2020
845,Eritrea,Africa  ,4.5,42,0.2,0.12,0.18,-0.03,0,"10,000",5.6,28,2020
846,Eswatini (Swaziland),Africa  ,48,89.5,0.3,0.16,0.18,0.04,21.7,"25,000",4.6,65,2020
847,Ethiopia,Africa  ,28,76.5,2,0.32,0.18,2.4,0,"120,000",4.6,240,2020
848,Gabon,Africa  ,53,81,0.35,0.16,0.18,1.72,0,"30,000",4.6,60,2020
849,Gambia,Africa  ,73.5,73.5,0.22,0.13,0.18,0.25,7.6,"9,000",4.4,55,2020
850,Ghana,Africa  ,60,88.5,2.4,1.05,0.7,1.88,12.1,"140,000",5.6,460,2020
851,Guinea,Africa  ,21,62,0.35,0.15,0.2,0.18,9.7,"20,000",3.6,45,2020
852,Guinea-Bissau,Africa  ,12,54,0.18,0.13,0,0.02,14.8,"9,000",3.4,25,2020
853,Ivory Coast (Côte d'Ivoire),Africa  ,55,90,2.2,0.95,0.9,1.1,20.5,"140,000",4.3,400,2020
854,Kenya,Africa  ,75,91.5,2.6,2.6,0.4,0.42,32.1,"140,000",6.1,590,2020
855,Lesotho,Africa  ,35,84,0.22,0.13,0.09,0.028,97.4,"10,000",9.1,45,2020
856,Liberia,Africa  ,29,70,0.18,0.12,0.07,0.737,13.2,"10,000",6.1,40,2020
857,Libya,Africa  ,65,78,2,0.16,0.3,0,15.4,"140,000",4.6,230,2020
858,Madagascar,Africa  ,28,75,1.2,0.13,0.9,0.36,16.3,"60,000",3.6,65,2020
859,Malawi,Africa  ,38,80,0.55,0.12,0.07,0.25,7.5,"30,000",6.5,50,2020
860,Mali,Africa  ,14,62,0.55,0.13,0.06,0.54,25.9,"30,000",5.1,40,2020
861,Mauritania,Africa  ,16,62,0.35,0.16,0.045,0.93,0,"10,000",5.1,45,2020
862,Mauritius,Africa  ,85,98.5,0.55,0.52,0.18,0.22,91.8,"60,000",4.7,320,2020
863,Morocco,Africa  ,80,95.5,2.2,2.1,0.4,1.42,66,"180,000",6.2,540,2020
864,Mozambique,Africa  ,34,77,1.2,0.42,0.3,3.19,23.4,"60,000",5.8,55,2020
865,Namibia,Africa  ,67,93,0.55,0.32,0.09,0.15,60.6,"35,000",8.1,110,2020
866,Niger,Africa  ,14,62,0.22,0.16,0.06,0.3,11.6,"25,000",5.3,35,2020
867,Nigeria,Africa  ,62,94,5.5,4.2,0.9,2.39,11.2,"500,000",5.7,750,2020
868,Rwanda,Africa  ,42,83,0.35,0.32,0.3,0.15,24.9,"100,000",6,65,2020
869,Sao Tome and Principe,Africa  ,18,64,0.18,0.06,0,0.05,18.8,"10,000",7,35,2020
870,Senegal,Africa  ,60,94,1.2,0.85,0.4,1.85,29.3,"120,000",5.9,120,2020
871,Seychelles,Africa  ,92,93,0.22,0.16,0.009,0.08,40.6,"20,000",7.1,60,2020
872,Sierra Leone,Africa  ,23,75,0.35,0.13,0.06,0.17,0,"18,000",4.9,45,2020
873,Somalia,Africa  ,12,60,0.22,0.12,0.03,0.53,0,"20,000",3.6,35,2020
874,South Africa,Africa  ,60,95,5.5,10.5,0.9,3.15,62,"120,000",7.1,"1,050",2020
875,South Sudan,Africa  ,7,55,0.2,0.12,0.09,0.3,1.9,"12,000",4.1,22,2020
876,Sudan,Africa  ,36,70,0.55,0.65,0.3,0.72,7.9,"30,000",6.6,55,2020
877,Tanzania,Africa  ,50,70,2,0.85,0.3,0.94,12.4,"150,000",5.6,80,2020
878,Togo,Africa  ,27,60,0.35,0.16,0.09,-0.06,27.1,"12,000",3.8,45,2020
879,Tunisia,Africa  ,67,79,2,1.6,0.4,0.62,67.6,"120,000",7.1,140,2020
880,Uganda,Africa  ,35,62,0.55,1.3,0.3,1.19,13,100000,5.1,110,2020
881,Zambia,Africa  ,45,72,1,1.2,0.09,0.25,12.2,60000,4.6,65,2020
882,Zimbabwe,Africa  ,50,77,1.2,1.2,0.09,0.15,5.4,"70,000",4.2,60,2020
883,Canada,America,92,99.5,60,13.5,14,28.12,0,"900,000",7.4,10500,2020
884,The United States,America,93,99,520,520,105,138,53.8,"900,000",7.6,610000,2020
885,Mexico,America,60,87,24,21,10.5,31.52,27.7,"140,000",5.6,42000,2020
886,Belize,America,62,98,0.2,0.16,0.16,0.076,54.9,"7,500",5.1,1050,2020
887,Costa Rica,America,70,80,3.2,1.4,1.05,2.1,29.2,"75,000",7.1,2100,2020
888,El Salvador,America,60,72,1.4,0.46,0.32,0.39,57.7,"30,000",4.9,"1,050",2020
889,Guatemala,America,59,69,2.2,0.32,0.42,3.63,35.2,30000,5.3,950,2020
890,Honduras,America,52,65,0.35,0.32,0.44,0.24,69.2,0,4.7,850,2020
891,Nicaragua,America,50,64,0.22,0.16,0.25,0.75,27.8,0,5,750,2020
892,Panama,America,71,84,1.4,0.56,1.05,-2.49,90.4,"140,000",4.6,1150,2020
893,Antigua and Barbuda,America,96,98.5,0.18,0.16,0.16,0.106,53.8,"10,000",4.3,320,2020
894,Bahamas,America,92,99.8,0.2,0.32,0.36,0.434,60.4,"35,000",4.2,950,2020
895,Barbados,America,94,97,0.22,0.44,0.46,0.262,85.7,"70,000",4.1,850,2020
896,Cuba,America,47,54,0.55,0.52,0.42,0,5,"15,000",7.1,320,2020
897,Dominica,America,68,74,0.18,0.16,0.16,0.2,53.2,"6,000",4.5,160,2020
898,Dominican Republic,America,82,98,2.2,1.05,0.52,2.46,29,"80,000",5.6,"1,050",2020
899,Grenada,America,71,77,0.18,0.16,0.17,0.14,59.4,0,5.1,160,2020
900,Haiti,America,47,61,0.18,0.16,0.32,0.05,8.2,"25,000",3.6,140,2020
901,Jamaica,America,74.5,99,0.55,0.42,0.52,0.27,56.7,0,6.1,850,2020
902,Saint Kitts and Nevis,America,80,98,0.18,0.13,0.01,0,61.5,6000,4.6,160,2020
903,Saint Lucia,America,74,98,0.2,0.14,0.03,0.1,78.7,"10,000",5.1,170,2020
904,Saint Vincent and Grenadines,America,75,84,0.18,0.12,0.02,0.07,47.3,"8,000",5.3,150,2020
905,Trinidad and Tobago,America,78.6,94,0.55,1.05,0.2,1.068,46.6,"250,000",5.1,950,2020
906,Argentina,America,86,98,8,2.1,2.1,4.88,13.5,"250,000",5.6,"10,500",2020
907,Bolivia,America,62,76,1.2,0.52,0.54,-1.13,80.2,"50,000",4.9,480,2020
908,Brazil,America,98,100,26,10.5,10.5,46.44,68.7,300000,6.1,42000,2020
909,Chile,America,98,98,9,4.2,2.1,11.45,88.3,300000,5.4,19000,2020
910,Colombia,America,97,99,7,2.6,1.35,7.46,54.3,300000,5.1,21000,2020
911,Ecuador,America,78,81,2.2,1.25,0.62,1.09,46.3,90000,4.9,5300,2020
912,Guyana,America,56,68,0.2,0.16,0.16,2.24,27.2,0,4.6,160,2020
913,Paraguay,America,73,89,0.55,0.38,0.42,0.2,50.7,50000,4.7,190,2020
914,Peru,America,70,97,2.4,2.1,2.1,0.79,55.3,50000,4.8,10500,2020
915,Suriname,America,63,93,0.2,0.16,0.035,0,24.2,10000,4.4,140,2020
916,Uruguay,America,98,98,2.2,1.35,0.6,0.53,27.8,250000,4.5,1600,2020
917,Venezuela,America,97,97,2.2,2.6,0.3,0.46,0,300000,5.6,750,2020
918,China,Asia  ,74,95.6,320,240,280,235.1,73,230000,3.7,900000,2020
919,Japan,Asia  ,90,96.2,85,210,22,35.2,118.9,85000,4.6,107000,2020
920,South Korea,Asia  ,95,98.7,30,210,5.5,8.76,82.05,65000,3.9,110000,2020
921,India,Asia  ,50,76,20,190,20,64.75,54.5,110000,4.3,27000,2020
922,Qatar,Asia  ,100,96,0.6,3,3,-2.43,92,2500,3.9,420,2020
923,Saudi Arabia,Asia  ,98,93,12,35,3,1.62,0,11000,3.6,1050,2020
924,Iran,Asia  ,50,90,0.8,8,12,1.34,0,4500,4.1,2500,2020
925,Iraq,Asia  ,32,75,0.6,0.6,0.5,4.2,13.3,2200,3.1,530,2020
926,Nepal,Asia  ,46,85,0.5,1.2,1.5,0.13,83.3,1100,3.6,425,2020
927,Syria,Asia  ,42,85,0.3,0.3,1.5,0,0,1100,3.6,320,2020
928,Jordan,Asia  ,70,85,0.6,1.6,1.8,0.76,83.1,3500,5.1,425,2020
929,Israel,Asia  ,90,96,10,33.2,0,20.97,67.5,11000,8.6,8200,2020
930,Palestine,Asia  ,52,75,0.18,1.2,0.3,1.2,0,1400,5.1,160,2020
931,Türkiye,Asia  ,78,80,26,22,6,7.67,91.45,17000,5.6,1600,2020
932,Sri Lanka,Asia  ,36,75,0.5,3,1.5,0.434,0,1400,3.7,420,2020
933,Uzbekistan,Asia  ,71,65,0.5,1.5,1.5,1.73,0,1800,4.1,320,2020
934,Bahrain,Asia  ,100,94,0.7,1.5,0.65,0.12,0,1400,4.1,850,2020
935,Oman,Asia  ,95,81,0.5,2.2,3.5,7,76.5,1400,3.9,350,2020
936,The UK,Europe ,96,93.5,60,72,21,-140.8,0,150000,7.6,235000,2020
937,France,Europe ,85,99.5,85,60,10.5,1230,121.1,130000,7.3,80000,2020
938,Spain,Europe ,93,98.5,54,30,4.2,38.22,106.6,90000,6.6,68000,2020
939,Albania,Europe ,72,98,0.3,0.16,0.32,-1.02,0,10000,4.9,3500,2020
940,Austria,Europe ,88,84,8,7,4.2,-12.43,92.6,85000,6.9,8100,2020
941,Belarus,Europe ,85,90,0.7,0.3,1.05,1.39,26.1,10000,5.6,16000,2020
942,Belgium,Europe ,92.5,89,13,15,7.2,-27.36,74.7,70000,6.7,15000,2020
943,Bulgaria,Europe ,75,83,1,1.05,0.42,3.59,51.5,13000,4.6,5000,2020
944,Croatia,Europe ,78.5,81,0.7,1.5,0.46,1.25,58.9,10000,5.3,8000,2020
945,Czech Republic,Europe ,90.5,85,11,3,2.1,8.52,53.1,18000,5.1,11400,2020
946,Denmark,Europe ,99,92,13,5.1,4.2,-0.263,163.9,40000,8.1,18500,2020
947,Estonia,Europe ,96,82,2.2,1,0.42,3.76,63.4,"5,500",7.3,5700,2020
948,Germany,Europe ,96,99.9,95,100,21,176.87,84.1,"140,000",5.9,44000,2020
949,Greece,Europe ,77,98.5,6,2,1.05,3.3,82.3,"10,000",5.6,6100,2020
950,Hungary,Europe ,94,97,5,4,2.1,167.68,37.6,"11,000",6.2,10500,2020
951,Italy,Europe ,76,99,32,30,9.5,-17.06,81.5,"70,000",5.8,36500,2020
952,Luxembourg,Europe ,95,99.9,3,1,0.42,9.84,110.2,"4,500",5.5,2100,2020
953,Netherlands,Europe ,98,99.9,19,15,5.2,-202.78,102.9,"70,000",5.3,15500,2020
954,Bac Macedonia,Europe ,64,58,0.25,7,0.17,0.007,16,"2,500",4.3,1050,2020
955,Russia,Europe ,85,82,37.5,25.8,4,9.48,30,"5,000",3.7,3800,2020
956,Singapore,Southeast Asia,92,99.5,5,32,3,80.73,86.06666667,"11,000",4.1,8800,2020
957,VietNam,Southeast Asia,70,97,8,120,7.5,31.15,38,"2,700",4.9,6000,2020
958,Laos,Southeast Asia,43.5,62,5.3,0.1,0.035,0.97,40,"10,000",4.9,750,2020
959,Thailand,Southeast Asia,75,80,370,3,0.35,-4.95,50,"4,500",4.8,2800,2020
960,Cambodia,Southeast Asia,52.6,65,15,0.1,0.45,2.7,67,"10,000",3.1,710,2020
961,Myanmar,Southeast Asia,42,75,14,0.35,0.045,1.91,55,"25,000",5,700,2020
962,Malaysia,Southeast Asia,88.7,90,490,4.2,0.45,4.06,40,"35,000",5,3500,2020
963,Indonesia,Southeast Asia,54.7,75,500,4.2,0.4,19.18,40,"50,000",4.3,3000,2020
964,Philippines,Southeast Asia,73.1,90,4.7,2.2,0.35,6.82,30,"25,000",4,3000,2020
965,Brunei,Southeast Asia,95,87,0.09,0.075,0.08,0.57,30,"10,000",2.75,150,2020
966,Timor-Leste,Southeast Asia,27,70,0.007,0.025,0.025,-0.71,30,"1,500",5,55,2020
967,Algeria,Africa  ,37,99.8,1.4,1.2,0.8,0.87,22.6,"70,000",4.6,1500,2021
968,Angola,Africa  ,38,77.5,0.6,0.52,0.8,-4.63,11,"45,000",4,450,2021
969,Benin,Africa  ,30,93,0.4,0.14,0.35,0.35,15.6,"35,000",4.2,200,2021
970,Botswana,Africa  ,47,93.5,0.55,0.38,0.27,-0.32,34.4,"50,000",6.7,550,2021
971,Burkina Faso,Africa  ,17,92,0.35,0.17,0.22,-0.8,29.5,"30,000",4.7,160,2021
972,Burundi,Africa  ,17.8,81.5,0.25,0.13,0.22,0.01,34.7,"12,000",4.2,140,2021
973,Cabo Verde (Cape Verde),Africa  ,51,96.5,0.25,0.16,0.22,0.09,66.8,"30,000",4.7,165,2021
974,Cameroon,Africa  ,50,94.5,1.1,0.44,0.27,0.96,0,"60,000",4.7,325,2021
975,Central African Republic,Africa  ,10.5,66.5,0.25,0.13,0.22,0.01,11.5,"12,000",4.2,55,2021
976,Chad,Africa  ,13,71,0.22,0.15,0.24,0.71,11.8,"30,000",4.2,65,2021
977,Comoros,Africa  ,16,71.5,0.2,0.14,0.22,0,15.7,"10,000",4.2,50,2021
978,"Congo, Democratic Republic of the (DR Congo)",Africa  ,21.5,70,0.6,0.46,0.35,1.68,7.2,"120,000",4,135,2021
979,"Congo, Republic of the (Republic of the Congo)",Africa  ,28,80,0.4,0.3,0.23,-0.32,13.8,"30,000",4.2,135,2021
980,Djibouti,Africa  ,34,88.5,0.25,0.16,0.27,0.17,18.6,"12,000",5.3,55,2021
981,Egypt,Africa  ,68,96.5,5.5,4,0.8,5.12,28.2,"200,000",3.7,1550,2021
982,Equatorial Guinea,Africa  ,17,72.5,0.22,0.17,0.22,-0.46,10.4,"10,000",4.2,50,2021
983,Eritrea,Africa  ,5,44,0.22,0.13,0.22,-0.03,0,"12,000",5.7,30,2021
984,Eswatini (Swaziland),Africa  ,51.5,91.5,0.35,0.17,0.22,0.11,20.6,"30,000",4.7,70,2021
985,Ethiopia,Africa  ,32,81,2.2,0.34,0.22,4.26,0,"140,000",4.7,270,2021
986,Gabon,Africa  ,56,83.5,0.4,0.17,0.22,1.53,0,"35,000",4.7,65,2021
987,Gambia,Africa  ,77,77,0.25,0.14,0.22,0.23,8.4,"10,000",4.5,60,2021
988,Ghana,Africa  ,66,90.5,2.6,1.1,0.8,2.61,12,"160,000",5.7,500,2021
989,Guinea,Africa  ,24,66,0.4,0.16,0.25,0.2,8.9,"25,000",3.7,50,2021
990,Guinea-Bissau,Africa  ,14,58,0.2,0.14,0,0.02,14.3,"10,000",3.5,28,2021
991,Ivory Coast (Côte d'Ivoire),Africa  ,60,92.5,2.4,1,1,1.9,21,"160,000",4.4,440,2021
992,Kenya,Africa  ,80,93,2.8,2.7,0.45,0.46,31.1,"160,000",6.2,640,2021
993,Lesotho,Africa  ,38,86.5,0.25,0.14,0.1,-0.012,94.7,"12,000",9.2,50,2021
994,Liberia,Africa  ,33,74,0.2,0.13,0.08,0.535,12.7,"12,000",6.2,45,2021
995,Libya,Africa  ,70,80.5,2.2,0.18,0.35,0.6,8.1,"160,000",4.7,250,2021
996,Madagascar,Africa  ,31,78,1.4,0.14,1,0.36,17.5,"70,000",3.7,70,2021
997,Malawi,Africa  ,42,84,0.6,0.13,0.08,0.13,7.9,"35,000",6.6,55,2021
998,Mali,Africa  ,16,67,0.6,0.14,0.07,0.64,28.2,"35,000",5.2,45,2021
999,Mauritania,Africa  ,18,66,0.4,0.17,0.05,1.07,0,"12,000",5.2,50,2021
1000,Mauritius,Africa  ,90,99,0.6,0.54,0.2,0.25,86.4,"70,000",4.8,350,2021
1001,Morocco,Africa  ,85,97,2.4,2.2,0.45,2.26,61.9,"200,000",6.3,580,2021
1002,Mozambique,Africa  ,38,82,1.4,0.44,0.35,5.03,22.5,"70,000",5.9,60,2021
1003,Namibia,Africa  ,72,94.5,0.6,0.34,0.1,0.84,58.2,"40,000",8.2,120,2021
1004,Niger,Africa  ,16,67,0.25,0.17,0.07,0.59,13,"30,000",5.4,40,2021
1005,Nigeria,Africa  ,66,95.5,6,4.4,1,3.31,12.2,"600,000",5.8,800,2021
1006,Rwanda,Africa  ,46,87,0.4,0.34,0.35,21,25.2,"120,000",6.1,70,2021
1007,Sao Tome and Principe,Africa  ,20,68,0.2,0.07,0,0.06,16.7,"12,000",7.1,40,2021
1008,Senegal,Africa  ,65,95.5,1.4,0.9,0.45,2.59,29.9,140000,6,130,2021
1009,Seychelles,Africa  ,94,94,0.25,0.17,0.01,0.11,34.6,25000,7.2,65,2021
1010,Sierra Leone,Africa  ,26,80,0.4,0.14,0.07,0.21,0,"20,000",5,50,2021
1011,Somalia,Africa  ,14,65,0.25,0.13,0.035,0.6,0,"25,000",3.7,40,2021
1012,South Africa,Africa  ,65,96,6,11,1,40.66,58,"140,000",7.2,"1,100",2021
1013,South Sudan,Africa  ,8,60,0.22,0.13,0.1,0.07,2.7,"15,000",4.2,25,2021
1014,Sudan,Africa  ,40,75,0.6,0.7,0.35,0.52,6.6,"35,000",6.7,60,2021
1015,Tanzania,Africa  ,55,74,2.2,0.9,0.35,1.19,12.9,"180,000",5.7,85,2021
1016,Togo,Africa  ,30,65,0.4,0.17,0.1,-0.14,26.8,"15,000",3.9,50,2021
1017,Tunisia,Africa  ,72,80,2.2,1.7,0.45,0.55,65,140000,7.2,150,2021
1018,Uganda,Africa  ,40,67,0.6,1.4,0.35,1.65,13.3,"120,000",5.2,120,2021
1019,Zambia,Africa  ,50,77,1.1,1.3,0.1,0.39,8.5,70000,4.7,70,2021
1020,Zimbabwe,Africa  ,55,82,1.4,1.3,0.1,0.25,6.9,"80,000",4.4,65,2021
1021,Canada,America,93,99.7,65,14,14.5,59.13,0,"1,000,000",7.5,11000,2021
1022,The United States,America,94,99.5,550,540,110,493,50.4,"1,000,000",7.7,620000,2021
1023,Mexico,America,64,90,26,22,11,33.75,26.2,"160,000",5.7,"44,000",2021
1024,Belize,America,66,98.5,0.22,0.17,0.17,0.076,47.6,"9,000",5.2,"1,100",2021
1025,Costa Rica,America,74,84,3.5,1.45,1.1,3.59,55.6,"90,000",7.2,2200,2021
1026,El Salvador,America,64,76,1.5,0.48,0.34,0.83,52.5,"35,000",5,"1,100",2021
1027,Guatemala,America,63,73,2.4,0.34,0.44,1.39,35.3,"35,000",5.4,"1,000",2021
1028,Honduras,America,56,69,0.4,0.34,0.48,0.8,65.7,0,4.8,900,2021
1029,Nicaragua,America,54,68,0.25,0.17,0.3,1.22,25.6,0,5.1,800,2021
1030,Panama,America,75,88,1.5,0.58,1.1,1.53,78.5,160000,4.7,1200,2021
1031,Antigua and Barbuda,America,96,99,0.2,0.17,0.17,0.289,45.5,"12,000",4.4,340,2021
1032,Bahamas,America,94,99.9,0.22,0.34,0.38,0.383,52,"40,000",4.3,"1,000",2021
1033,Barbados,America,97,98,0.25,0.46,0.48,0.238,82.2,"80,000",4.2,900,2021
1034,Cuba,America,52,58,0.6,0.54,0.44,0,26,"20,000",7.2,340,2021
1035,Dominica,America,72,78,0.2,0.17,0.17,0.03,50.1,"7,000",4.6,170,2021
1036,Dominican Republic,America,85,98.5,2.4,1.1,0.54,2.25,26.7,100000,5.7,1100,2021
1037,Grenada,America,76,82,0.2,0.17,0.18,0.15,57.3,0,5.2,170,2021
1038,Haiti,America,52,66,0.2,0.17,0.34,0.04,8.1,30000,3.7,150,2021
1039,Jamaica,America,79.4,99.5,0.6,0.44,0.54,0.32,54.4,0,6.2,900,2021
1040,Saint Kitts and Nevis,America,79,98.5,0.2,0.14,0.01,0.02,68.2,7000,4.7,170,2021
1041,Saint Lucia,America,74.5,98.5,0.22,0.15,0.025,0.11,64.2,12000,5.2,180,2021
1042,Saint Vincent and Grenadines,America,80,88,0.2,0.13,0.015,0.16,47.1,10000,5.4,160,2021
1043,Trinidad and Tobago,America,79,97,0.6,1.1,0.22,-0.93,40.3,300000,5.2,1000,2021
1044,Argentina,America,87,98.5,9,2.2,2.2,6.9,11.2,300000,5.7,11000,2021
1045,Bolivia,America,68,82,1.4,0.54,0.56,0.583,76,60000,5,510,2021
1046,Brazil,America,99,100,29,11,11,74.61,68.8,400000,6.2,44000,2021
1047,Chile,America,99,99,10,4.4,2.2,15.93,81,400000,5.5,20000,2021
1048,Colombia,America,99,100,8,2.7,1.4,9.56,51.1,400000,5.2,22000,2021
1049,Ecuador,America,81,82,2.4,1.3,0.64,0.65,47.4,100000,5,5600,2021
1050,Guyana,America,57,69,0.22,0.17,0.17,0.44,20.2,0,4.7,170,2021
1051,Paraguay,America,80,94,0.6,0.4,0.44,0.31,49.4,60000,4.8,200,2021
1052,Peru,America,70,98,2.6,2.2,2.2,7.42,47.1,60000,4.9,11000,2021
1053,Suriname,America,62,97,0.22,0.17,0.03,-0.13,18.2,12000,4.5,150,2021
1054,Uruguay,America,99,99,2.4,1.4,0.65,3.45,26.7,300000,4.6,1700,2021
1055,Venezuela,America,98,98,2.4,2.7,0.32,-1,0,400000,5.7,800,2021
1056,China,Asia  ,77,96.8,340,260,300,344.17,80,280000,3.8,1050000,2021
1057,Japan,Asia  ,83,96.8,90,220,25,49.3,118.2,100000,4.7,113000,2021
1058,South Korea,Asia  ,96,99,33,220,6,22.06,89.9,80000,4,118000,2021
1059,India,Asia  ,55,81,25,200,25,74,50.1,140000,4.4,30000,2021
1060,Qatar,Asia  ,100,97,0.7,3.5,3.5,-2.43,95.3,3000,4,440,2021
1061,Saudi Arabia,Asia  ,100,95,14,38,3.5,23.11,0,14000,3.7,1100,2021
1062,Iran,Asia  ,52,92,1,9,13,1.43,0,5500,4.2,2200,2021
1063,Iraq,Asia  ,35,80,0.7,0.7,0.6,4.5,11.2,2700,3.2,560,2021
1064,Nepal,Asia  ,52,90,0.6,1.3,1.8,0.2,103.5,1300,3.7,450,2021
1065,Syria,Asia  ,45,88,0.35,0.35,1.8,0,0,1300,3.7,340,2021
1066,Jordan,Asia  ,73,90,0.7,1.7,2,0.62,81.9,4200,5.2,450,2021
1067,Israel,Asia  ,90,97,11,33.8,5.4,18.95,69.4,13500,8.7,8600,2021
1068,Palestine,Asia  ,55,80,0.2,1.3,0.35,1.3,0,1700,5.2,170,2021
1069,Türkiye,Asia  ,81,85,30,25,7,13.89,88.65,20000,5.7,1700,2021
1070,Sri Lanka,Asia  ,44,80,0.6,3.5,1.8,0.592,0,1700,3.8,440,2021
1071,Uzbekistan,Asia  ,70,70,0.6,1.9,1.8,2.28,0,2200,4.2,340,2021
1072,Bahrain,Asia  ,100,95,0.8,1.7,0.7,1.78,0,1700,4.2,900,2021
1073,Oman,Asia  ,96,83,0.6,2.4,4,7.5,67.5,1700,4,380,2021
1074,The UK,Europe ,97,94.7,65,74,22,155.01,0,200000,7.7,260000,2021
1075,France,Europe ,86,99.7,90,62,11,2290,116.5,"170,000",7.4,88000,2021
1076,Spain,Europe ,94,99,58,31,4.4,57.19,97.3,"120,000",6.7,75000,2021
1077,Albania,Europe ,79,98.5,0.35,0.17,0.34,-1.17,0,"12,000",5,4000,2021
1078,Austria,Europe ,93,85,9,7.2,4.4,18.78,93,"100,000",7,9000,2021
1079,Belarus,Europe ,87,91,0.8,0.32,1.1,1.23,24.1,"12,000",5.7,17500,2021
1080,Belgium,Europe ,93,90,14,15.5,7.4,29.52,72.7,"85,000",6.8,16000,2021
1081,Bulgaria,Europe ,77,85,1.1,2,0.44,2.5,48.3,"16,000",4.7,5600,2021
1082,Croatia,Europe ,80,83,0.8,1.55,0.48,4.68,52.4,"12,000",5.4,8800,2021
1083,Czech Republic,Europe ,91.5,87,12,3.1,2.2,12.89,53.7,"22,000",5.2,12200,2021
1084,Denmark,Europe ,99.5,93,14,5.6,4.4,17.43,155.4,"50,000",8.2,19500,2021
1085,Estonia,Europe ,97,84,2.4,1.2,0.44,7.54,59.8,"7,000",7.4,6400,2021
1086,Germany,Europe ,97,100,100,102,22,102.16,83.1,"165,000",6,46000,2021
1087,Greece,Europe ,79,99,6.5,2.1,1.1,6.13,56.9,"12,000",5.7,6400,2021
1088,Hungary,Europe ,95,98,5.5,4.2,2.2,31.6,38.3,"13,000",6.3,11000,2021
1089,Italy,Europe ,78,99.5,34,31,10,24.9,75.3,"85,000",5.9,"38,000",2021
1090,Luxembourg,Europe ,96,100,3.3,1.05,0.44,25.12,104,"5,500",5.6,2200,2021
1091,Netherlands,Europe ,98.5,100,20,15.5,5.4,-131.48,96.1,"85,000",5.4,16000,2021
1092,Bac Macedonia,Europe ,67,61,0.3,7.2,0.18,0.069,17,"3,000",4.4,1100,2021
1093,Russia,Europe ,88.2,85,41.8,27.4,4.5,40.45,35,"5,500",3.7,4200,2021
1094,Singapore,Southeast Asia,97,99.7,6,35,3.6,137.27,90.1,"14,000",4.2,9400,2021
1095,VietNam,Southeast Asia,74,98,9.5,136.25,8,27.72,55,"3,300",5,6800,2021
1096,Laos,Southeast Asia,48.1,68,5.7,0.12,0.04,1.07,50,"13,000",5,800,2021
1097,Thailand,Southeast Asia,77.8,85,380,3.5,0.4,15.16,55,"5,000",5,3000,2021
1098,Cambodia,Southeast Asia,58.3,70,16,0.112,0.05,3.1,67,"15,000",3.1,830,2021
1099,Myanmar,Southeast Asia,48,80,12,0.4,0.05,2.07,60,"35,000",5.2,800,2021
1100,Malaysia,Southeast Asia,89.6,92,500,4.6,0.5,20.25,45,"45,000",5,4200,2021
1101,Indonesia,Southeast Asia,61.8,80,510,4.6,0.45,21.21,45,"70,000",4.5,3500,2021
1102,Philippines,Southeast Asia,76,92,6.1,2.5,0.4,11.95,35,"35,000",4.1,3500,2021
1103,Brunei,Southeast Asia,96,90,0.1,0.08,0.009,0.2,35,"15,000",2.8,180,2021
1104,Timor-Leste,Southeast Asia,30,75,0.008,0.028,0.03,-0.42,35,"2,000",5.2,60,2021
1105,Algeria,Africa  ,40,99.9,1.6,1.25,1,0.08,18.2,"90,000",4.7,1700,2022
1106,Angola,Africa  ,42,82.1,0.65,0.56,1.2,-6.6,12.1,"50,000",4.1,500,2022
1107,Benin,Africa  ,32,95.5,0.45,0.15,0.4,0.27,17.1,"40,000",4.3,225,2022
1108,Botswana,Africa  ,51,94.5,0.6,0.4,0.32,0.22,29.8,"55,000",6.8,600,2022
1109,Burkina Faso,Africa  ,20,94,0.4,0.18,0.27,0.12,31.3,"35,000",4.8,180,2022
1110,Burundi,Africa  ,20.5,84,0.3,0.14,0.27,0.01,34.7,"15,000",4.3,160,2022
1111,Cabo Verde (Cape Verde),Africa  ,55.5,97,0.3,0.18,0.27,0.12,55.8,"35,000",4.8,180,2022
1112,Cameroon,Africa  ,54,95.5,1.2,0.46,0.3,0.93,0,"70,000",4.8,350,2022
1113,Central African Republic,Africa  ,12,69,0.3,0.14,0.27,0.02,12.8,"15,000",4.3,60,2022
1114,Chad,Africa  ,14.5,73.5,0.25,0.16,0.27,0.61,0,"35,000",4.3,70,2022
1115,Comoros,Africa  ,18,73.5,0.22,0.16,0.27,0,16.5,"12,000",4.3,55,2022
1116,"Congo, Democratic Republic of the (DR Congo)",Africa  ,24,73.5,0.65,0.48,0.4,1.85,0,"140,000",4.1,150,2022
1117,"Congo, Republic of the (Republic of the Congo)",Africa  ,30,82.5,0.45,0.32,0.38,0.53,12.7,"35,000",4.3,150,2022
1118,Djibouti,Africa  ,37.5,91,0.3,0.17,0.32,0.19,19.2,"15,000",5.4,60,2022
1119,Egypt,Africa  ,72,97.5,6,4.2,0.9,11.4,30.8,"220,000",3.8,1700,2022
1120,Equatorial Guinea,Africa  ,19,75,0.25,0.18,0.27,0.46,8.2,"12,000",4.3,55,2022
1121,Eritrea,Africa  ,5.5,46,0.25,0.14,0.27,-0.03,0,"15,000",5.8,32,2022
1122,Eswatini (Swaziland),Africa  ,55,93,0.4,0.18,0.27,0.01,21.1,"35,000",4.8,75,2022
1123,Ethiopia,Africa  ,36.5,85,2.4,0.36,0.28,3.67,0,"160,000",4.8,300,2022
1124,Gabon,Africa  ,59,85,0.45,0.18,0.28,1.1,0,"40,000",4.8,70,2022
1125,Gambia,Africa  ,80.5,80.5,0.3,0.15,0.28,0.23,9.2,"12,000",4.6,65,2022
1126,Ghana,Africa  ,72,92,2.8,1.15,0.9,1.52,11.3,"180,000",5.8,540,2022
1127,Guinea,Africa  ,27,70,0.45,0.17,0.3,0.66,0,"30,000",3.8,55,2022
1128,Guinea-Bissau,Africa  ,16,62,0.22,0.15,0,0.02,15.4,"12,000",3.6,30,2022
1129,Ivory Coast (Côte d'Ivoire),Africa  ,65,94,2.6,1.05,1.1,2.3,21.1,"180,000",4.5,480,2022
1130,Kenya,Africa  ,85,94.5,3,2.8,0.5,0.39,31.5,"180,000",6.3,690,2022
1131,Lesotho,Africa  ,41,89,0.3,0.15,0.11,-0.007,96.1,"15,000",9.3,55,2022
1132,Liberia,Africa  ,37,77,0.22,0.14,0.09,0.96,14.6,"15,000",6.3,50,2022
1133,Libya,Africa  ,75,83,2.4,0.19,0.4,0,8.2,"180,000",4.8,270,2022
1134,Madagascar,Africa  ,34,81,1.6,0.15,1.1,0.47,18.5,"80,000",3.8,75,2022
1135,Malawi,Africa  ,46,87,0.65,0.14,0.09,0.24,7.9,"40,000",6.7,60,2022
1136,Mali,Africa  ,18,72,0.65,0.15,0.08,0.25,29.7,40000,5.3,50,2022
1137,Mauritania,Africa  ,21,70,0.45,0.18,0.055,1.4,0,15000,5.3,55,2022
1138,Mauritius,Africa  ,92,99.2,0.65,0.56,0.22,0.25,72.4,"80,000",4.9,380,2022
1139,Morocco,Africa  ,90,98,2.6,2.3,0.5,2.18,63.8,"250,000",6.4,620,2022
1140,Mozambique,Africa  ,42,87,1.6,0.46,0.4,2.54,20.7,"80,000",6,65,2022
1141,Namibia,Africa  ,77,96,0.65,0.36,0.11,1.16,54.1,"45,000",8.3,130,2022
1142,Niger,Africa  ,18,72,0.3,0.18,0.08,0.97,12.5,"35,000",5.5,45,2022
1143,Nigeria,Africa  ,70,97,6.5,4.6,1.1,-0.19,12.9,"700,000",5.9,850,2022
1144,Rwanda,Africa  ,50,90,0.45,0.36,0.4,0.4,22.7,"140,000",6.2,75,2022
1145,Sao Tome and Principe,Africa  ,22,72,0.22,0.08,0,0.13,11.9,15000,7.2,45,2022
1146,Senegal,Africa  ,70,97,1.6,0.95,0.5,2.59,32.3,"160,000",6.1,140,2022
1147,Seychelles,Africa  ,95,95,0.3,0.18,0.011,0.19,30.8,30000,7.3,70,2022
1148,Sierra Leone,Africa  ,30,85,0.45,0.15,0.08,0.29,0,"25,000",5.1,55,2022
1149,Somalia,Africa  ,16,70,0.3,0.14,0.04,0.64,0,"30,000",3.8,45,2022
1150,South Africa,Africa  ,70,97,6.5,11.5,1.1,9.19,59,"160,000",7.3,1150,2022
1151,South Sudan,Africa  ,9,65,0.25,0.14,0.11,0.12,3.1,"18,000",4.3,28,2022
1152,Sudan,Africa  ,44,80,0.65,0.75,0.4,0.57,5.6,"40,000",6.8,65,2022
1153,Tanzania,Africa  ,60,78,2.4,0.95,0.4,1.26,15.1,"200,000",5.8,90,2022
1154,Togo,Africa  ,33,70,0.45,0.18,0.12,-0.23,28.1,"20,000",4,55,2022
1155,Tunisia,Africa  ,77,81,2.4,1.8,0.5,0.64,66.5,"160,000",7.3,160,2022
1156,Uganda,Africa  ,45,72,0.65,1.5,0.4,2.95,13.4,"140,000",5.3,130,2022
1157,Zambia,Africa  ,55,82,1.2,1.4,0.11,-0.07,10.2,"80,000",4.8,75,2022
1158,Zimbabwe,Africa  ,60,87,1.6,1.4,0.11,0.34,8.7,100000,4.6,70,2022
1159,Canada,America,95,99.8,70,14.5,15,49.98,0,"1,200,000",7.6,11500,2022
1160,The United States,America,95,99.7,580,560,115,388,51.7,"1,200,000",7.8,"630,000",2022
1161,Mexico,America,68,92,28,23,11.5,39.1,26.1,"180,000",5.8,46000,2022
1162,Belize,America,70,99,0.25,0.18,0.18,0.14,42.6,"10,000",5.3,"1,150",2022
1163,Costa Rica,America,78,88,3.8,1.5,1.15,3.67,51.7,"100,000",7.3,2300,2022
1164,El Salvador,America,68,80,1.6,0.5,0.36,0,52.8,40000,5.1,1150,2022
1165,Guatemala,America,67,77,2.6,0.36,0.46,0.16,36.3,40000,5.5,1050,2022
1166,Honduras,America,60,73,0.45,0.36,0.5,0.76,68.6,0,4.9,950,2022
1167,Nicaragua,America,58,72,0.3,0.18,0.35,1.29,26.2,0,5.2,850,2022
1168,Panama,America,79,92,1.6,0.6,1.15,3,72,180000,4.8,1250,2022
1169,Antigua and Barbuda,America,76,99.5,0.22,0.18,0.18,0.301,38.1,15000,4.5,360,2022
1170,Bahamas,America,94,100,0.25,0.36,0.4,0.53,45.7,50000,4.4,1050,2022
1171,Barbados,America,99,99,0.28,0.48,0.5,0.2,71.9,100000,4.3,950,2022
1172,Cuba,America,57,62,0.65,0.56,0.46,0,30,25000,7.3,360,2022
1173,Dominica,America,76,82,0.22,0.18,0.18,0.02,47,8000,4.7,180,2022
1174,Dominican Republic,America,85,99,2.6,1.15,0.56,3.96,26.9,120000,5.8,1150,2022
1175,Grenada,America,81,87,0.22,0.18,0.19,0.16,53.6,0,5.3,180,2022
1176,Haiti,America,57,71,0.22,0.18,0.36,0,8,35000,3.8,160,2022
1177,Jamaica,America,82.3,99.7,0.65,0.46,0.56,0.32,50.7,0,6.3,950,2022
1178,Saint Kitts and Nevis,America,80.7,99,0.22,0.15,0.01,0.04,63.1,8000,4.8,180,2022
1179,Saint Lucia,America,72,99,0.25,0.16,0.025,0.03,51,15000,5.3,190,2022
1180,Saint Vincent and Grenadines,America,85,92,0.22,0.14,0.01,0.03,42.2,12000,5.5,170,2022
1181,Trinidad and Tobago,America,77.3,98,0.65,1.15,0.25,-0.91,35,350000,5.3,1050,2022
1182,Argentina,America,88,99,10,2.3,2.3,15.41,10.7,350000,5.8,11500,2022
1183,Bolivia,America,74,88,1.6,0.56,0.58,0.002,74.2,70000,5.1,540,2022
1184,Brazil,America,99,100,32,11.5,11.5,0.6,70.6,500000,6.3,46000,2022
1185,Chile,America,99,99,11,4.6,2.3,20.56,82.6,500000,5.6,21000,2022
1186,Colombia,America,99,100,9,2.8,1.45,17.18,43.9,500000,5.3,23000,2022
1187,Ecuador,America,80,84,2.6,1.35,0.66,0.85,50.1,120000,5.1,5900,2022
1188,Guyana,America,64,72,0.25,0.18,0.18,0.06,12.6,0,4.8,180,2022
1189,Paraguay,America,87,98,0.65,0.42,0.46,0.67,51,75000,4.9,210,2022
1190,Peru,America,70,98.8,2.8,2.3,2.3,10.85,45.6,75000,5,11500,2022
1191,Suriname,America,61.5,99,0.25,0.18,0.25,-0.01,20.3,15000,4.6,160,2022
1192,Uruguay,America,99,99,2.6,1.45,0.7,8.25,26.8,400000,4.7,1800,2022
1193,Venezuela,America,99,99,2.6,2.8,0.35,0.94,0,500000,5.8,850,2022
1194,China,Asia  ,80,97.9,360,280,320,180.17,85,330000,3.9,1200000,2022
1195,Japan,Asia  ,86.2,97.3,95,230,27,50,121.8,120000,4.8,119000,2022
1196,South Korea,Asia  ,97,99.2,36,230,6.5,18,87.5,95000,4.1,126000,2022
1197,India,Asia  ,60,82,30,220,30,84,55,175000,4.5,32000,2022
1198,Qatar,Asia  ,100,98,0.8,4,4,0.076,96,3800,4.1,460,2022
1199,Saudi Arabia,Asia  ,100,96,16,42,4,28.09,0,17000,3.8,1150,2022
1200,Iran,Asia  ,59,93,1.2,10,18,1.5,0,6500,4.3,3100,2022
1201,Iraq,Asia  ,38,85,0.8,0.8,0.7,4.8,0,3200,3.3,590,2022
1202,Nepal,Asia  ,58,92,0.7,1.4,2,0.07,94.3,1600,3.8,475,2022
1203,Syria,Asia  ,47,90,0.4,0.4,2,0,0,"1,500",3.8,360,2022
1204,Jordan,Asia  ,75,92,0.8,1.8,2.2,1.14,84.3,"5,000",5.3,475,2022
1205,Israel,Asia  ,91,98,12,41.3,6.1,23.03,70.2,"16,000",8.8,9000,2022
1206,Palestine,Asia  ,58,85,0.25,1.4,0.4,1.4,0,"2,100",5.3,180,2022
1207,Türkiye,Asia  ,83,88,35,27,8,13.67,93.1,"24,000",5.8,1800,2022
1208,Sri Lanka,Asia  ,52.6,85,0.7,2.8,2,0.898,0,"2,100",3.9,460,2022
1209,Uzbekistan,Asia  ,70.5,75,0.7,2,2,2.5,0,"2,700",4.3,350,2022
1210,Bahrain,Asia  ,100,96,0.9,1.9,0.75,1.95,0,"2,100",4.3,950,2022
1211,Oman,Asia  ,95,85,0.7,2.6,4.5,8,53.4,"2,100",4.1,400,2022
1212,The UK,Europe ,97.5,95.5,70,76,23,79.09,0,"250,000",7.8,280000,2022
1213,France,Europe ,85,99.8,95,64,11.5,1790,115.3,"200,000",7.5,95000,2022
1214,Spain,Europe ,94,99.5,62,32,4.6,51.43,87.9,"150,000",6.8,82000,2022
1215,Albania,Europe ,83,99,0.4,0.18,0.36,-1.25,0,"14,000",5.1,4500,2022
1216,Austria,Europe ,94,86,10,7.4,4.6,10.11,89.3,"120,000",7.1,10000,2022
1217,Belarus,Europe ,90,92,0.9,0.34,1.15,1.61,0,"15,000",5.8,"19,000",2022
1218,Belgium,Europe ,94,91,15,16,7.6,12.48,71.8,"100,000",6.9,17000,2022
1219,Bulgaria,Europe ,79,86.5,1.2,2.05,0.46,3.22,44.8,"20,000",4.8,6200,2022
1220,Croatia,Europe ,81.5,84.5,0.9,1.6,5,3.59,50,"15,000",5.5,9500,2022
1221,Czech Republic,Europe ,92.5,88.5,13,3.2,2.3,10.53,50.5,"27,000",5.3,13000,2022
1222,Denmark,Europe ,99.7,94,15,5.8,4.6,34,143.4,"60,000",8.3,20500,2022
1223,Estonia,Europe ,98,85.5,2.6,1.4,0.46,1.65,57.7,"8,500",7.5,7100,2022
1224,Germany,Europe ,97.5,100,105,104,23,62.73,82.5,"190,000",6.1,48000,2022
1225,Greece,Europe ,81,99.5,7,2.2,1.15,7.59,52.4,"15,000",5.8,6700,2022
1226,Hungary,Europe ,96,98.5,6,4.4,2.3,-10.24,35.7,"16,000",6.4,11500,2022
1227,Italy,Europe ,80,99.7,36,32,10.5,62.3,69.5,"100,000",6,39500,2022
1228,Luxembourg,Europe ,97,100,3.5,1,0.46,-322.05,101.5,"7,000",5.7,2300,2022
1229,Netherlands,Europe ,99,100,21,16,5.6,-12.08,92.1,"100,000",5.5,16500,2022
1230,Bac Macedonia,Europe ,70,64,0.35,7.4,0.19,0.854,16,"3,500",4.5,1150,2022
1231,Russia,Europe ,90.4,87,26.3,26,5,-39.8,40,"6,000",3.7,4500,2022
1232,Singapore,Southeast Asia,96,99.8,7,38,4,148.76,95,"17,000",4.3,10000,2022
1233,VietNam,Southeast Asia,79,99,12,162.33,8.5,30,65,"4,000",5.1,7500,2022
1234,Laos,Southeast Asia,52,72,6,0.13,0.045,0.64,55,"16,000",5.2,1000,2022
1235,Thailand,Southeast Asia,85.3,89,400,4,0.45,11.23,60,"6,000",5.2,3500,2022
1236,Cambodia,Southeast Asia,61,75,17,0.13,0.055,3.5,68,"20,000",3.3,1000,2022
1237,Myanmar,Southeast Asia,51,82,14,0.5,0.055,1.24,65,"45,000",5.4,1000,2022
1238,Malaysia,Southeast Asia,90,93.5,520,4.9,0.55,14.73,50,"55,000",5.2,4500,2022
1239,Indonesia,Southeast Asia,73.7,85,540,5,0.5,24.7,50,"90,000",4.6,4000,2022
1240,Philippines,Southeast Asia,76.5,94,7,2.8,0.45,9.37,40,"45,000",4.3,4000,2022
1241,Brunei,Southeast Asia,96.5,92,0.12,0.085,0.1,-0.29,40,"20,000",2.9,220,2022
1242,Timor-Leste,Southeast Asia,35,78,0.009,0.03,0.035,0.4,40,"2,500",5.3,75,2022
1243,Algeria,Africa  ,42,100,1.8,1.3,1.2,1.2,7.5,"110,000",4.8,1900,2023
1244,Angola,Africa  ,45,86.5,0.7,0.58,3.8,2.5,16.3,"55,000",4.2,550,2023
1245,Benin,Africa  ,35,97,0.5,0.16,0.45,0.3,18.6,"45,000",4.4,250,2023
1246,Botswana,Africa  ,55,95.5,0.65,0.42,0.38,0.8,30,"60,000",6.9,650,2023
1247,Burkina Faso,Africa  ,23,95.5,0.45,0.19,0.32,0.4,31.5,"40,000",4.9,200,2023
1248,Burundi,Africa  ,23.5,86.5,0.35,0.15,0.32,0.1,47.9,"18,000",4.4,180,2023
1249,Cabo Verde (Cape Verde),Africa  ,57.6,97.5,0.35,0.19,0.32,0.2,53.8,"40,000",4.9,200,2023
1250,Cameroon,Africa  ,58.5,96.5,1.3,0.48,0.38,0.9,0,"80,000",4.9,375,2023
1251,Central African Republic,Africa  ,13.5,71.5,0.35,0.15,0.32,0.05,0,"18,000",4.4,65,2023
1252,Chad,Africa  ,16,76,0.3,0.17,0.32,0.2,0,"40,000",4.4,75,2023
1253,Comoros,Africa  ,20.5,75,0.25,0.18,0.32,0.03,0,"15,000",4.4,60,2023
1254,"Congo, Democratic Republic of the (DR Congo)",Africa  ,26.5,77,0.7,0.5,0.45,1.5,0,"160,000",4.2,165,2023
1255,"Congo, Republic of the (Republic of the Congo)",Africa  ,32.5,85,0.5,0.35,0.45,0.7,13.7,"40,000",4.4,165,2023
1256,Djibouti,Africa  ,41,93,0.35,0.19,0.38,0.19,20.8,"18,000",5.5,65,2023
1257,Egypt,Africa  ,76,98,6.5,4.4,1,11.4,29.3,"250,000",3.9,"1,850",2023
1258,Equatorial Guinea,Africa  ,21,77.5,0.3,0.19,0.32,1.2,6,"15,000",4.4,60,2023
1259,Eritrea,Africa  ,6,48,0.3,0.15,0.32,0.05,0,"18,000",5.9,35,2023
1260,Eswatini (Swaziland),Africa  ,58.5,94.5,0.45,0.19,0.32,0.3,21.3,"40,000",4.9,80,2023
1261,Ethiopia,Africa  ,41,88.5,2.6,0.38,0.32,3.5,0,"180,000",4.9,330,2023
1262,Gabon,Africa  ,62,87,0.5,0.19,0.32,1.1,0,"50,000",4.9,75,2023
1263,Gambia,Africa  ,83,83,0.35,0.16,0.32,0.1,8.7,"15,000",4.7,70,2023
1264,Ghana,Africa  ,78,93.5,3,1.2,1,2.8,9.1,200000,5.9,580,2023
1265,Guinea,Africa  ,30,73,0.5,0.18,0.35,0.7,0,35000,3.9,60,2023
1266,Guinea-Bissau,Africa  ,18,66,0.25,0.16,0,0.05,14.1,"15,000",3.7,33,2023
1267,Ivory Coast (Côte d'Ivoire),Africa  ,70,95.5,2.8,1.1,1.2,1.5,22.4,"200,000",4.6,520,2023
1268,Kenya,Africa  ,90,96,3.2,2.9,0.55,2.1,31.8,"200,000",6.4,740,2023
1269,Lesotho,Africa  ,44,91,0.35,0.16,0.12,0.2,95.6,"18,000",9.4,60,2023
1270,Liberia,Africa  ,41,80,0.25,0.15,0.1,0.3,0,"18,000",6.4,55,2023
1271,Libya,Africa  ,80,85.5,2.6,0.2,0.45,0.3,10.6,"200,000",4.9,290,2023
1272,Madagascar,Africa  ,37,84,1.8,0.16,0.12,0.8,16.7,"100,000",3.9,80,2023
1273,Malawi,Africa  ,50,90,0.7,0.15,0.1,0.1,7.1,45000,6.8,65,2023
1274,Mali,Africa  ,20,76,0.7,0.16,0.09,0.5,27.5,"45,000",5.4,55,2023
1275,Mauritania,Africa  ,24,73,0.5,0.19,0.06,0.9,0,18000,5.4,60,2023
1276,Mauritius,Africa  ,94,99.5,0.7,0.58,0.24,0.9,68.3,"100,000",5,410,2023
1277,Morocco,Africa  ,92,98.5,2.8,2.4,0.55,3.2,59.8,"300,000",6.5,660,2023
1278,Mozambique,Africa  ,46,90,1.8,0.48,0.45,2.5,18.3,"100,000",6.1,70,2023
1279,Namibia,Africa  ,81,97.5,0.7,0.38,0.12,0.9,50.1,"50,000",8.4,140,2023
1280,Niger,Africa  ,20,76,0.35,0.19,0.09,0.97,10.9,"40,000",5.6,50,2023
1281,Nigeria,Africa  ,74,98,7,4.8,1.2,0.39,0,"800,000",6,900,2023
1282,Rwanda,Africa  ,54,92,0.5,0.38,0.45,0.4,22.6,"160,000",6.3,80,2023
1283,Sao Tome and Principe,Africa  ,24,76,0.25,0.09,0,0.05,0,"18,000",7.3,50,2023
1284,Senegal,Africa  ,75,98,1.8,1,0.55,2.59,31.3,"200,000",6.2,150,2023
1285,Seychelles,Africa  ,96,96,0.35,0.19,0.012,0.1,32.4,"35,000",7.4,75,2023
1286,Sierra Leone,Africa  ,34,89,0.5,0.16,0.09,0.29,0,30000,5.2,60,2023
1287,Somalia,Africa  ,18,75,0.35,0.15,0.045,0.64,0,"35,000",3.9,50,2023
1288,South Africa,Africa  ,75,98,7,12,1.2,2.8,58,"200,000",7.4,"1,200",2023
1289,South Sudan,Africa  ,10,70,0.3,0.15,0.12,0.12,5.2,"20,000",4.4,30,2023
1290,Sudan,Africa  ,48,85,0.7,0.8,0.45,0.5,5.4,"50,000",6.9,70,2023
1291,Tanzania,Africa  ,65,82,2.6,1,0.45,1.26,16.3,"250,000",5.9,95,2023
1292,Togo,Africa  ,36,75,0.5,0.19,0.14,0.23,27.8,25000,4.1,60,2023
1293,Tunisia,Africa  ,82,82,2.6,1.9,0.55,0.8,62.3,180000,7.4,170,2023
1294,Uganda,Africa  ,50,77,0.7,1.6,0.45,2.95,12.8,160000,5.4,140,2023
1295,Zambia,Africa  ,60,87,1.3,1.5,0.12,0.5,12.5,100000,4.9,80,2023
1296,Zimbabwe,Africa  ,65,92,1.8,1.5,0.12,0.34,8.8,114000,4.8,75,2023
1297,Canada,America,93.8,99.9,75,15,15.5,50,0,1500000,7.7,12000,2023
1298,The United States,America,96,99.8,610,580,120,60,49.8,1500000,7.9,640000,2023
1299,Mexico,America,72,94,30,24,12,39.1,25.4,200000,5.9,48000,2023
1300,Belize,America,71,99.5,0.3,0.19,0.19,0.14,38.9,12000,5.4,1200,2023
1301,Costa Rica,America,82,92,4,1.55,1.2,3.67,50.1,120000,7.4,2400,2023
1302,El Salvador,America,72,84,1.7,0.52,0.05,0.5,52.1,45000,5.2,1200,2023
1303,Guatemala,America,71,81,2.8,0.38,0.48,1.39,37.4,45000,5.6,1100,2023
1304,Honduras,America,64,77,0.5,0.38,0.52,0.3,74.1,0,5,1000,2023
1305,Nicaragua,America,62,76,0.35,0.19,0.4,0.15,0,0,5.3,900,2023
1306,Panama,America,83,95,1.7,0.65,1.2,1,68.3,200000,4.9,1300,2023
1307,Antigua and Barbuda,America,95.7,99.7,0.25,0.19,0.19,0.1,37.5,18000,4.6,380,2023
1308,Bahamas,America,95,100,0.3,0.38,0.42,0.8,42.1,60000,4.5,1100,2023
1309,Barbados,America,99,99,0.3,0.5,0.52,0.3,67.2,120000,4.4,1000,2023
1310,Cuba,America,62,66,0.7,0.58,0.48,0.5,45,30000,7.4,380,2023
1311,Dominica,America,80,86,0.25,0.19,0.19,0.02,42.1,10000,4.8,190,2023
1312,Dominican Republic,America,85.2,99.5,2.8,1.2,0.58,4,29.5,140000,5.9,1200,2023
1313,Grenada,America,86,92,0.25,0.19,0.2,0.16,51.6,0,5.4,190,2023
1314,Haiti,America,62,76,0.25,0.19,0.38,0.06,5,40000,3.9,170,2023
1315,Jamaica,America,82.4,99.8,0.7,0.48,0.58,0.32,49,0,6.4,1000,2023
1316,Saint Kitts and Nevis,America,80.7,99.5,0.25,0.16,0.01,0.1,60.5,10000,4.9,190,2023
1317,Saint Lucia,America,78,99.5,0.3,0.17,0.027,2.5,48.7,18000,5.4,200,2023
1318,Saint Vincent and Grenadines,America,90,96,0.25,0.15,0.005,0.2,40,15000,5.6,180,2023
1319,Trinidad and Tobago,America,79,99,0.7,1.2,0.26,1.5,40.4,400000,5.4,1100,2023
1320,Argentina,America,87.2,99.5,11,2.4,2.4,23,12,400000,5.9,12000,2023
1321,Bolivia,America,80,93,1.8,0.58,0.6,1.2,0,80000,5.2,570,2023
1322,Brazil,America,100,100,35,12,12,60,71.6,600000,6.4,48000,2023
1323,Chile,America,100,99,12,4.8,2.4,15,79.9,600000,5.7,22000,2023
1324,Colombia,America,100,100,10,2.9,1.5,14,42.5,600000,5.4,24000,2023
1325,Ecuador,America,82,85,2.8,1.4,0.68,0.85,53.7,150000,5.2,6200,2023
1326,Guyana,America,67,75,0.3,0.19,0.19,0.04,12.9,0,4.9,190,2023
1327,Paraguay,America,93,99,0.7,0.44,0.48,0.05,52.5,90000,5,220,2023
1328,Peru,America,71,99.5,3,2.4,2.4,30.2,0,90000,5.1,12000,2023
1329,Suriname,America,66,100,0.3,0.19,0.02,0.25,15.2,18000,4.7,170,2023
1330,Uruguay,America,100,100,2.8,1.5,0.75,4.1,28.8,500000,4.8,1900,2023
1331,Venezuela,America,99,100,2.8,2.9,0.4,0.5,0,600000,5.9,900,2023
1332,China,Asia  ,82,98.5,380,300,340,200,87.5,380000,4,1350000,2023
1333,Japan,Asia  ,85,97.8,100,240,30,52,120.8,140000,4.9,125000,2023
1334,South Korea,Asia  ,98,99.4,38,240,7,18.5,88.05,110000,4.2,134000,2023
1335,India,Asia  ,65,85,35,240,35,90,63,210000,4.6,35000,2023
1336,Qatar,Asia  ,100,99,0.9,4.5,4.5,10.5,97,4500,4.2,480,2023
1337,Saudi Arabia,Asia  ,100,97,18,46,4.5,9,0,20000,3.9,1200,2023
1338,Iran,Asia  ,64,94,1.4,10.5,19,0.4,0,8000,4.4,4000,2023
1339,Iraq,Asia  ,40,90,0.9,0.91,0.8,5,0,4000,3.4,630,2023
1340,Nepal,Asia  ,63,94,0.8,1.5,2.2,0.1,91.7,2000,3.9,500,2023
1341,Syria,Asia  ,50,92,0.45,0.45,2.3,0.2,0,1800,3.9,380,2023
1342,Jordan,Asia  ,77,94,0.9,1.9,2.5,1.2,82.2,6000,5.4,500,2023
1343,Israel,Asia  ,93,99,13,44.2,6.9,6.7,69.8,19000,8.9,9400,2023
1344,Palestine,Asia  ,62,88,0.3,1.5,0.45,1.5,0,2500,5.4,190,2023
1345,Türkiye,Asia  ,83,90,40,30,9,13,97.35,28000,5.9,1900,2023
1346,Sri Lanka,Asia  ,66.7,90,0.8,2.5,2.3,1.5,0,2500,4,480,2023
1347,Uzbekistan,Asia  ,76.6,80,0.8,1.4,2.3,2.5,0,3300,4.4,400,2023
1348,Bahrain,Asia  ,100,97,1,2,0.8,1.7,0,2500,4.4,1000,2023
1349,Oman,Asia  ,96.5,87,0.8,2.8,4.7,8.5,58.6,2500,4.2,420,2023
1350,The UK,Europe ,98,96,75,78,24,90.03,0,300000,7.9,300000,2023
1351,France,Europe ,87,99.9,100,66,12,50,109.3,250000,7.6,102000,2023
1352,Spain,Europe ,96,99.7,66,34,4.8,24.5,78.4,200000,6.9,89000,2023
1353,Albania,Europe ,84,99.5,0.45,0.19,0.38,-1.35,0,16000,5.2,5000,2023
1354,Austria,Europe ,94.9,87,11,7.8,4.8,12,83.9,140000,7.2,11000,2023
1355,Belarus,Europe ,92,93,1,1.6,1.2,1.6,0,18000,5.9,20500,2023
1356,Belgium,Europe ,94.5,92,16,15,7.8,15,69.8,120000,7,18000,2023
1357,Bulgaria,Europe ,81,87.5,1.3,2,0.48,2,45.6,25000,4.9,6800,2023
1358,Croatia,Europe ,83,86,1,1.65,0.52,1.5,48.1,18000,5.6,10200,2023
1359,Czech Republic,Europe ,93.5,90,14,10,2.4,10,49.8,32000,5.4,13800,2023
1360,Denmark,Europe ,99.8,95,16,6,4.8,8,147.5,70000,8.4,21500,2023
1361,Estonia,Europe ,98.5,87,2.8,1.6,0.48,1,58.7,10000,7.6,7800,2023
1362,Germany,Europe ,98,100,110,106,24,60,0,220000,6.2,50000,2023
1363,Greece,Europe ,83,99.7,7.5,3,1.2,5.4,50,18000,5.9,7000,2023
1364,Hungary,Europe ,97,99,6.5,4.6,2.4,10.24,32.7,19000,6.5,12000,2023
1365,Italy,Europe ,82,99.8,38,33,11,19.9,63.5,120000,6.1,41000,2023
1366,Luxembourg,Europe ,97.5,100,3.8,1.2,0.48,322.5,96.2,8500,5.8,2400,2023
1367,Netherlands,Europe ,99.2,100,22,16.5,5.8,12.08,86.8,120000,5.6,17000,2023
1368,Bac Macedonia,Europe ,73,67,0.4,7.8,0.2,0.5,0,4500,4.6,1200,2023
1369,Russia,Europe ,91.5,89,45,27,6,0,45,6500,3.8,4800,2023
1370,Singapore,Southeast Asia,97,99.9,8,42,4.5,65.1,97,20000,4.4,10600,2023
1371,VietNam,Southeast Asia,79.1,99.5,14,141,9,32,85,4200,5.2,8200,2023
1372,Laos,Southeast Asia,56.6,75,6.5,0.14,0.05,0.829,60,20000,5.7,1200,2023
1373,Thailand,Southeast Asia,88.2,90,420,4.5,0.5,0,65,6500,5.5,4000,2023
1374,Cambodia,Southeast Asia,65,78,18,0.142,0.06,0,69,25000,3.5,1250,2023
1375,Myanmar,Southeast Asia,56,85,15,0.6,0.06,1.24,70,55000,5.6,1150,2023
1376,Malaysia,Southeast Asia,91.8,94.5,540,5.12,0.6,0,55,65000,5.3,4800,2023
1377,Indonesia,Southeast Asia,77,90,560,5.07,0.55,10.4,55,110000,4.8,4500,2023
1378,Philippines,Southeast Asia,78,95,8.6,3,0.5,4.4,45,55000,4.5,4800,2023
1379,Brunei,Southeast Asia,97,93,0.13,0.09,0.11,0.08,45,25000,3.1,240,2023
1380,Timor-Leste,Southeast Asia,38,80,0.01,0.032,0.04,0,45,3000,5.4,90,2023
